Date,SP,DJI
2017-01-04,0.005705963770549438,0.003033374768596674
2017-01-05,-0.0007709676024811847,-0.002152085887286685
2017-01-06,0.0035107891805790594,0.0032366670682909345
2017-01-09,-0.003554905471559629,-0.0038352697411946084
2017-01-10,0.0,-0.0016028805738816424
2017-01-11,0.0028256423891019514,0.004961099087314867
2017-01-12,-0.002147112393729617,-0.0031762533073690243
2017-01-13,0.0018481313951466559,-0.00026495547616552193
2017-01-17,-0.0029719144562184454,-0.0029693915428616827
2017-01-18,0.0017622004698093201,-0.00111269247103586
2017-01-19,-0.003615837624319374,-0.0036583540307381234
2017-01-20,0.0033605840612999428,0.004795279543251329
2017-01-23,-0.002693749646069815,-0.0013829119598412418
2017-01-24,0.006543140528962317,0.005683926214865651
2017-01-25,0.007994052795968681,0.007793639813725152
2017-01-26,-0.0007356549352631034,0.0016131872312074508
2017-01-27,-0.0008668394897415927,-0.00035481599916963724
2017-01-30,-0.006027673496096654,-0.0061225057111210296
2017-01-31,-0.0008903016080325452,-0.005374202595887249
2017-02-01,0.00029831898811628964,0.0013507530459521602
2017-02-02,0.0005701468386910137,-0.0003031637026180582
2017-02-03,0.007238496854553608,0.009337791779184005
2017-02-06,-0.002117597513709103,-0.0009491114342154254
2017-02-07,0.00022680346384577153,0.0018867262731779644
2017-02-08,0.0006930821486096318,-0.0017909857103557906
2017-02-09,0.00573606373596025,0.005869771458516469
2017-02-10,0.0035597068220090916,0.004795484319985486
2017-02-13,0.005232133584011204,0.007019972183332041
2017-02-14,0.003999327195672579,0.0045091832283730305
2017-02-15,0.00497988866573445,0.0052266153801704685
2017-02-16,-0.0008644916015501692,0.0003836936137075131
2017-02-17,0.001677149327237158,0.00020760686003084788
2017-02-21,0.0060298500200691545,0.005750931929614531
2017-02-22,-0.001082786146804093,0.0015703620247807268
2017-02-23,0.00041889897125923353,0.0016698301376026753
2017-02-24,0.0014922502320316529,0.0005495499331972801
2017-02-27,0.0010174652677336642,0.0007527599442356198
2017-02-28,-0.0025817061151949088,-0.0012100559722845747
2017-03-01,0.013581211083725323,0.014468486447220588
2017-03-02,-0.0058771169721052695,-0.005345883106578947
2017-03-03,0.0005037503685347897,0.00013046038446669423
2017-03-06,-0.0032826227635658124,-0.0024485727953061755
2017-03-07,-0.0029176259020898777,-0.0014126417864742883
2017-03-08,-0.002286827964063899,-0.0033043824664736924
2017-03-09,0.0007995756127663866,0.00011789754510987643
2017-03-10,0.0032633397058585423,0.0021451043102565007
2017-03-13,0.0003665656191696328,-0.0010290907871030638
2017-03-14,-0.003384748980891005,-0.002114696113465468
2017-03-15,0.008339879124686365,0.0053954329177565855
2017-03-16,-0.0016280347991836145,-0.0007424595260677796
2017-03-17,-0.0013151792642314352,-0.0009525465938407738
2017-03-20,-0.0020119160803802947,-0.00041892231098387744
2017-03-21,-0.012485594590102116,-0.011442389625471441
2017-03-22,0.0018881028474626675,-0.0003246598767390982
2017-03-23,-0.001060832144830083,-0.0002285065471584756
2017-03-24,-0.0008443522139384829,-0.0029020425457815732
2017-03-27,-0.0010201075858456302,-0.002223222776117438
2017-03-28,0.007225308829623951,0.007297510235279294
2017-03-29,0.0010847362038301697,-0.002039596981077678
2017-03-30,0.0029308109117050134,0.003342529375732018
2017-03-31,-0.0022575939382668176,-0.003153751505798631
2017-04-03,-0.0016434753080133316,-0.0006298080570117631
2017-04-04,0.0005593660746613713,0.0018882354441084606
2017-04-05,-0.003059536811522123,-0.0019880237558207252
2017-04-06,0.001927650293734993,0.0007164577509661353
2017-04-07,-0.0008274724629448716,-0.0003315472951101517
2017-04-10,0.000687450135783276,9.294265090579219e-05
2017-04-11,-0.0014349082919582845,-0.00032528978973352986
2017-04-12,-0.0037670374189869064,-0.002882487529166319
2017-04-13,-0.006838020289804216,-0.006754027654984705
2017-04-17,0.008576465691107291,0.008939906819264253
2017-04-18,-0.0029076028458332546,-0.005521883562765606
2017-04-19,-0.0017178253968685745,-0.005804831165765893
2017-04-20,0.0075288503629738525,0.008502105624529454
2017-04-21,-0.0030396881071153782,-0.0015051706207345745
2017-04-24,0.010781736588111827,0.010463529259164394
2017-04-25,0.006072214211751177,0.011122167397127264
2017-04-26,-0.0004858214756873499,-0.00100208210073597
2017-04-27,0.0005527670002992063,0.00029746267353760554
2017-04-28,-0.0019149794714900413,-0.0019474491364530344
2017-05-01,0.0017307918268938255,-0.0012925336084648117
2017-05-02,0.0011883435858115294,0.0017404099450160748
2017-05-03,-0.0012721693958273864,0.00038225664147018603
2017-05-04,0.0005819332878695465,-0.0003068377015757408
2017-05-05,0.00408035940747836,0.0026439887549173945
2017-05-08,3.7445271907879016e-05,0.00025416197338246424
2017-05-09,-0.0010257745567932176,-0.0017385899904152693
2017-05-10,0.0011299627174494742,-0.001558721117123516
2017-05-11,-0.0021651513741066187,-0.0011317737390245533
2017-05-12,-0.0014795353407942593,-0.0010909954637546883
2017-05-15,0.0047651423030152336,0.004075126698513743
2017-05-16,-0.0006871330369860457,-0.00010435486061321724
2017-05-17,-0.018345468171115042,-0.01793027496125363
2017-05-18,0.003680038627215951,0.0027181946838879057
2017-05-19,0.0067447032082007,0.0068400379268304685
2017-05-22,0.00514686329600843,0.0043161192520244605
2017-05-23,0.0018361851723804105,0.0020596352575898663
2017-05-24,0.0024860338045762944,0.00355228880621119
2017-05-25,0.004432112041978175,0.003350932148174068
2017-05-26,0.00031050178530242343,-0.00012664693727514506
2017-05-30,-0.0012053507295338199,-0.002413152222758534
2017-05-31,-0.0004600746199513276,-0.0009905444706217
2017-06-01,0.0075425955848472245,0.006430399270238981
2017-06-02,0.00370087461804602,0.002933116036790804
2017-06-05,-0.0012184071404286387,-0.0010497678610886694
2017-06-06,-0.0027829086662040834,-0.002259371909355007
2017-06-07,0.0015670287963475379,0.0017706955830433342
2017-06-08,0.00026716903566476714,0.000417404770266228
2017-06-09,-0.0008303338661872762,0.004213524529882506
2017-06-12,-0.0009792424797181137,-0.001707965417078717
2017-06-13,0.00450135884323014,0.004360521647155602
2017-06-14,-0.0009963269653176028,0.0021586224817181482
2017-06-15,-0.002242109796840374,-0.0006861046800863471
2017-06-16,0.00028359915005969524,0.001140689051546339
2017-06-19,0.008312583206893995,0.0067443701033957195
2017-06-20,-0.0067191604469316645,-0.0028769868729968105
2017-06-21,-0.0005828141932715965,-0.0026639520287340445
2017-06-22,-0.0004558859724380852,-0.0005952362932060122
2017-06-23,0.0015596985554090976,-0.000118213403994959
2017-06-26,0.00031575193973236123,0.0006910993787650617
2017-06-27,-0.008105586575672907,-0.0046296963177676585
2017-06-28,0.008769501646551084,0.006732087228146399
2017-06-29,-0.008637216844141348,-0.00784157753630381
2017-06-30,0.0015320576108735333,0.0029365155364262335
2017-07-03,0.0023081679791475806,0.0060538125712247875
2017-07-05,0.0014522240362887008,-5.1195294190698556e-05
2017-07-06,-0.009412987306866183,-0.0073896353474004585
2017-07-07,0.006382712569615801,0.004413352281084157
2017-07-10,0.0009273361035125654,-0.00027183203647714174
2017-07-11,-0.0007829870660821734,2.5726868422174667e-05
2017-07-12,0.007279050947821435,0.005732053045727629
2017-07-13,0.001872829473473065,0.0009724548376786367
2017-07-14,0.004662616170009233,0.003919836634788663
2017-07-17,-5.291423670686425e-05,-0.0003706957222850241
2017-07-18,0.0005976786981109875,-0.002545583271081769
2017-07-19,0.00535825821605345,0.0030553672847353315
2017-07-20,-0.00015367108860704477,-0.0013396075525939687
2017-07-21,-0.0003679393292088825,-0.0014682858158870913
2017-07-24,-0.0010643009954088047,-0.0031049159453897033
2017-07-25,0.002918907519898033,0.004649564174071385
2017-07-26,0.00028262400611947947,0.004504628074220411
2017-07-27,-0.0009731616373937137,0.003932241880404246
2017-07-28,-0.0013420156781160386,0.0015476599203266123
2017-07-31,-0.0007284108345598019,0.002781639731070026
2017-08-01,0.0024461207749384662,0.0033200676446282487
2017-08-02,0.0004925274073474498,0.0023792699706367566
2017-08-03,-0.0021860418349456704,0.00044772258693221535
2017-08-04,0.0018873214175395684,0.0030241448895967356
2017-08-07,0.0016458446442804673,0.0011585010230533352
2017-08-08,-0.002417352230385335,-0.0014967090797580796
2017-08-09,-0.0003636747927123762,-0.0016604251138823151
2017-08-10,-0.01458021840074153,-0.009326876453869593
2017-08-11,0.0012747571279871366,0.0006549100407648796
2017-08-14,0.009993651246049404,0.006174904620738667
2017-08-15,-0.00049893232688349,0.0002400078540173509
2017-08-16,0.0014190955233323716,0.0011756765353264631
2017-08-17,-0.015557342487191416,-0.012524888661924641
2017-08-18,-0.0018370536613519935,-0.0035104368329098483
2017-08-21,0.0011619757145661966,0.0013481517682680736
2017-08-22,0.009891695260625078,0.008996585841535744
2017-08-23,-0.0034595701326390073,-0.00401724645682087
2017-08-24,-0.0020766167471384417,-0.0013161662874901661
2017-08-25,0.0016714716689374216,0.0013886041377044473
2017-08-28,0.0004869534732960745,-0.00024159932061372497
2017-08-29,0.0008424667620097917,0.002608832849660541
2017-08-30,0.004604531788061044,0.0012368332525573623
2017-08-31,0.0057046735847135445,0.0025396569197391446
2017-09-01,0.001980578042335197,0.0017963061426837725
2017-09-05,-0.007579458552144929,-0.010710908751371723
2017-09-06,0.003123842493144133,0.0024944407702136794
2017-09-07,-0.00017845204485370908,-0.0010488672233303872
2017-09-08,-0.001489960143457705,0.0005970169497192499
2017-09-11,0.010780975197147024,0.011838201948501785
2017-09-12,0.003358302594883113,0.0027838625502006335
2017-09-13,0.0007568342480825294,0.0017761044400904458
2017-09-14,-0.0011013238508279736,0.0020423400222990755
2017-09-15,0.001845477546159349,0.002916877273314296
2017-09-18,0.0014548619291293301,0.0028255715821946365
2017-09-19,0.0011095796167313857,0.0017650686498373754
2017-09-20,0.000634146702309437,0.0018662756011105879
2017-09-21,-0.0030505659469148337,-0.0023836154032398993
2017-09-22,0.0006475839951670207,-0.00043126278358659976
2017-09-25,-0.0022245226998538568,-0.0023966496190818806
2017-09-26,7.216412589487934e-05,-0.0005280136042801356
2017-09-27,0.004076822401987925,0.0025273104997683205
2017-09-28,0.0012038906289380277,0.001810669185209353
2017-09-29,0.0036982630684988258,0.001066872373940948
2017-10-02,0.0038665188297123134,0.0067838624586074436
2017-10-03,0.002156511184660919,0.0037199897397103806
2017-10-04,0.0012459436611136387,0.0008816443733370872
2017-10-05,0.00563090403129274,0.0050069396924935445
2017-10-06,-0.001074211165239725,-7.555383602466983e-05
2017-10-09,-0.0018060638680135568,-0.0005534064598462335
2017-10-10,0.0023197196304780643,0.0030535975955796723
2017-10-11,0.001801882929663564,0.0018471620144064633
2017-10-12,-0.0016881771203513885,-0.001394799580485231
2017-10-13,0.0008777220048463043,0.0013436494300615154
2017-10-16,0.0017492225323057532,0.003719955696744832
2017-10-17,0.0006723529054339931,0.0017616822654527645
2017-10-18,0.0007420595113295467,0.006940121917320195
2017-10-19,0.00032794411501048555,0.00023486088732650834
2017-10-20,0.005103796185030386,0.0071235340608482665
2017-10-23,-0.003980395312997195,-0.0023462191627430236
2017-10-24,0.0016166008745580412,0.007183857906633337
2017-10-25,-0.004673955687259985,-0.0048020574291335804
2017-10-26,0.0012701392506023993,0.003055767329678445
2017-10-27,0.008040609979727099,0.001423296637264573
2017-10-30,-0.0031975773767407194,-0.003653012513062158
2017-10-31,0.0009440129366793155,0.0012198782453930253
2017-11-01,0.0015908441079038695,0.0024681385994588007
2017-11-02,0.00018994776966671517,0.0034610387287733373
2017-11-03,0.003092289326314394,0.0009745816773869244
2017-11-06,0.00127044388477643,0.00039205510709706785
2017-11-07,-0.00018912080508191734,0.000374076014434709
2017-11-08,0.0014426139320604147,0.00026013707828733985
2017-11-09,-0.0037689813393701364,-0.0043134262471880335
2017-11-10,-0.0008980469760537102,-0.001694752909158974
2017-11-13,0.000983150911293032,0.0007463751265600548
2017-11-14,-0.0023122805602819227,-0.0012904612769167954
2017-11-15,-0.005540998742123611,-0.005920719351786849
2017-11-16,0.008162652782972403,0.008006955882274992
2017-11-17,-0.002629416978897395,-0.004277085225643465
2017-11-20,0.0012748698887901106,0.0030815175720950425
2017-11-21,0.006519838879752696,0.006826740250550774
2017-11-22,-0.0007505427033295442,-0.0027442501771485165
2017-11-24,0.002053984278231966,0.001351220665788583
2017-11-27,-0.00038433158680325395,0.0009668926237167344
2017-11-28,0.009800332196793644,0.010794925023374976
2017-11-29,-0.0003692938827907781,0.004352222369332367
2017-11-30,0.008157586662811174,0.013758735298979299
2017-12-01,-0.0020265829358053324,-0.0016806789584107038
2017-12-04,-0.0010527105492864532,0.0024096862775117404
2017-12-05,-0.003746390525955308,-0.004514494796613972
2017-12-06,-0.00011411217053034995,-0.001644420638851279
2017-12-07,0.002928067010109385,0.0029190020057372184
2017-12-08,0.005491202035518141,0.004848717138437957
2017-12-11,0.0031968421216958323,0.002334761173947484
2017-12-12,0.001547723722089516,0.00485865009177303
2017-12-13,-0.000473068970150185,0.0032849297297664125
2017-12-14,-0.004079167730762682,-0.003127447481659236
2017-12-15,0.008934313410142761,0.005820964882056537
2017-12-18,0.005348478579597589,0.005681560319202433
2017-12-19,-0.0032354980431185012,-0.0015116662669193335
2017-12-20,-0.0008282360735725663,-0.0011357646377745053
2017-12-21,0.0019836870126583982,0.0022476221834909047
2017-12-22,-0.00045827163811375547,-0.0011397092802835757
2017-12-26,-0.0010589757000585695,-0.0003171541975592678
2017-12-27,0.0007906283102422613,0.0011344732026292187
2017-12-28,0.0018323190029195554,0.0025481439955433176
2017-12-29,-0.005196632292748298,-0.004773893920454431
2018-01-02,0.008269078218398127,0.004230213402421039
2018-01-03,0.006378433243936035,0.003966899198768946
2018-01-04,0.004020542855326989,0.006098332813957483
2018-01-05,0.007009145888585348,0.008764554775312662
2018-01-08,0.001660963767296979,-0.0005088742046378698
2018-01-09,0.0013020835172984223,0.0040577602279792645
2018-01-10,-0.0011128458115206878,-0.0006568789252812024
2018-01-11,0.007009025768882019,0.008071658499252931
2018-01-12,0.006726926399094035,0.00889333357527179
2018-01-16,-0.0035307132616026696,-0.00040042129184875397
2018-01-17,0.009371006206502086,0.012437081236758862
2018-01-18,-0.0016176974974736241,-0.0037534419107108532
2018-01-19,0.004375647986990156,0.0020699044205044702
2018-01-22,0.00803436438221324,0.005465263611386164
2018-01-23,0.002172004968222319,-0.0001445506099161929
2018-01-24,-0.0005601325472320471,0.0015747729885790744
2018-01-25,0.0006024393988328895,0.005344116324471906
2018-01-26,0.011771638106084168,0.00844841799607149
2018-01-29,-0.006754736284863033,-0.006680883918119308
2018-01-30,-0.010958642805337085,-0.013808859899187018
2018-01-31,0.0004888658586947881,0.002776381731025334
2018-02-01,-0.0006482983520233253,0.0014261787833463014
2018-02-02,-0.021436680516698812,-0.025751953905047906
2018-02-05,-0.041842540938381426,-0.04714281575104447
2018-02-06,0.017290573348937088,0.023023208289904087
2018-02-07,-0.005014138223752627,-0.0007798207607505947
2018-02-08,-0.0382590522458017,-0.04237794893342402
2018-02-09,0.014825645199524345,0.01375381063110982
2018-02-12,0.013818665678186272,0.01682150303387461
2018-02-13,0.0026095219802775584,0.001591321211463838
2018-02-14,0.013313439808897013,0.010216963140164998
2018-02-15,0.01199686177677526,0.012252309927855575
2018-02-16,0.0003733996499216942,0.0007541377992169596
2018-02-20,-0.005858517106837343,-0.010147950764002728
2018-02-21,-0.005511664483310908,-0.0067107252020611454
2018-02-22,0.0009730774855778604,0.006619811637248777
2018-02-23,0.015901278245121022,0.013825272398389417
2018-02-26,0.011688438620627399,0.01565242030442786
2018-02-27,-0.012788311441467541,-0.011707658723049432
2018-02-28,-0.011157806083656078,-0.015100838224429126
2018-03-01,-0.013413965854876449,-0.01693167604781073
2018-03-02,0.005058785485198549,-0.002886032185655095
2018-03-05,0.01097161761052657,0.013628221494839473
2018-03-06,0.0026353829319968104,0.00037618914718762377
2018-03-07,-0.000483991825716375,-0.003331349305096405
2018-03-08,0.004453148208884627,0.0037769879684194166
2018-03-09,0.017229546741207587,0.01754060321155814
2018-03-12,-0.001274797337998416,-0.006221256628645413
2018-03-13,-0.006383910414314703,-0.0068378425063305055
2018-03-14,-0.005740969825188786,-0.010003475916591915
2018-03-15,-0.0007822363990965508,0.00465593722345753
2018-03-16,0.0017019979472317418,0.0029245047301581033
2018-03-19,-0.014306040541373417,-0.013544076351989011
2018-03-20,0.0014807086617189258,0.0047168173398674665
2018-03-21,-0.0018456921256294063,-0.001819849377875168
2018-03-22,-0.025484886972854417,-0.029789082851014115
2018-03-23,-0.02118980731175066,-0.017885575122934008
2018-03-26,0.026795040706035392,0.028047892373448135
2018-03-27,-0.0174272856453219,-0.014352574438880746
2018-03-28,-0.0029209188994626773,-0.0003895103449011854
2018-03-29,0.013675777493843445,0.010622887399283715
2018-04-02,-0.022590682343495868,-0.019223456218015505
2018-04-03,0.012535961315741067,0.016325443520889934
2018-04-04,0.01150010234644679,0.009563327316697266
2018-04-05,0.006839421401651201,0.009880018270320111
2018-04-06,-0.022164067057064987,-0.02363796289940167
2018-04-09,0.0033309949675928295,0.0019343794544448567
2018-04-10,0.01658859899631407,0.01772834608560748
2018-04-11,-0.005540685772461173,-0.008994392016097549
2018-04-12,0.008216898697657044,0.012064517898076669
2018-04-13,-0.0028907998267066345,-0.005032857688062462
2018-04-16,0.008076336801563068,0.00870165324326942
2018-04-17,0.01060507161386675,0.008654560713452941
2018-04-18,0.0008310204075532664,-0.001556910761623052
2018-04-19,-0.00574258179583257,-0.0033667185487594046
2018-04-20,-0.008573177188352708,-0.008221503335075035
2018-04-23,5.623011118453955e-05,-0.00058268353444096
2018-04-24,-0.013470888006475166,-0.017517835691983223
2018-04-25,0.0018353742328236348,0.00248188649990653
2018-04-26,0.010380144187376953,0.009854598957493492
2018-04-27,0.001113005271363815,-0.00045854746639143444
2018-04-30,-0.008221192548921247,-0.0061079541555095086
2018-05-01,0.0025458021710273926,-0.002656308477814994
2018-05-02,-0.007231951201402355,-0.0072493320653118755
2018-05-03,-0.002256217585064076,0.00021606552117916128
2018-05-04,0.012729810028334959,0.01379316448708292
2018-05-07,0.003451980554989958,0.003900082205143765
2018-05-08,-0.0002656766117338216,0.00011866878017918972
2018-05-09,0.009635647934868785,0.007456798230959889
2018-05-10,0.009327011603848374,0.007994440577951076
2018-05-11,0.001706139270961256,0.0036973748945503928
2018-05-14,0.0008830995101265589,0.0027443990035246925
2018-05-15,-0.006865655043990812,-0.007781384225804582
2018-05-16,0.004052339847514407,0.002527302075126523
2018-05-17,-0.0008562387886101002,-0.0022209381446324757
2018-05-18,-0.0026356652545503154,4.4887552736528306e-05
2018-05-21,0.007359604547933372,0.011993264195406245
2018-05-22,-0.0031406885928751895,-0.007177048364956676
2018-05-23,0.0032431452068987514,0.0021077684450971305
2018-05-24,-0.0020252629577225518,-0.0030202413400744724
2018-05-25,-0.002360003054185922,-0.0023674014846859427
2018-05-29,-0.011631572511792225,-0.01594839058364238
2018-05-30,0.012615875351923801,0.012495977338215475
2018-05-31,-0.006903333243434208,-0.010265814547760847
2018-06-01,0.01079079970923988,0.008944662870860272
2018-06-04,0.004469594898352221,0.007218736483913557
2018-06-05,0.0007023462695756739,-0.0005526293356440052
2018-06-06,0.008530900637311972,0.013871506709916614
2018-06-07,-0.0007144436219845289,0.003771533681178008
2018-06-08,0.0031210289077513477,0.002971608286079775
2018-06-11,0.0010681370069403208,0.00022833264122791076
2018-06-12,0.0017418672787038484,-6.240060208958935e-05
2018-06-13,-0.004034254541411457,-0.004731864905798132
2018-06-14,0.002468500522503687,-0.001027807375877669
2018-06-15,-0.00101762031549408,-0.003375264049202649
2018-06-18,-0.002128391180886516,-0.004113982641056727
2018-06-19,-0.004031517951391294,-0.011562743787377356
2018-06-20,0.001710690224112545,-0.0017184714379744762
2018-06-21,-0.006365728843220268,-0.007984715006511175
2018-06-22,0.0018602032551338834,0.004860740075332699
2018-06-25,-0.013819722967770653,-0.01343723035972235
2018-06-26,0.0022021505056967236,0.00124891436431329
2018-06-27,-0.008641586313141117,-0.006839577905654793
2018-06-28,0.006159680019031288,0.004074225422518464
2018-06-29,0.0007581158875170001,0.0022834521743967653
2018-07-02,0.003063260834293461,0.0014726461937022567
2018-07-03,-0.004959629280533677,-0.005460158567688245
2018-07-05,0.008583856745537827,0.007497009034692644
2018-07-06,0.00844551760058016,0.004086613083373815
2018-07-09,0.008784290785341506,0.013004018800785331
2018-07-10,0.003467249318821859,0.005757806987828455
2018-07-11,-0.007119486371916502,-0.008835625974138221
2018-07-12,0.0087109915801719,0.009045497211303207
2018-07-13,0.0010786555366086475,0.003785002197004616
2018-07-16,-0.0010286646208985384,0.0017949619702806658
2018-07-17,0.003965824343443431,0.0022130956491346974
2018-07-18,0.0021581820767374625,0.0031557948236612073
2018-07-19,-0.003960826849049506,-0.005363279932210988
2018-07-20,-0.0009488977712743676,-0.0002546099752515859
2018-07-23,0.0018363623432315187,-0.0005520724041924152
2018-07-24,0.004769518886053562,0.007861055175345737
2018-07-25,0.009060435070372713,0.006797247565709193
2018-07-26,-0.00303690274886736,0.0044353472249540355
2018-07-27,-0.006583834644845457,-0.0029820560570207695
2018-07-30,-0.0057707893155871425,-0.005683091049072733
2018-07-31,0.004872837219303094,0.004272682391214681
2018-08-01,-0.0010408930675711336,-0.003206730958029938
2018-08-02,0.0049143495822087,-0.00030241449907798015
2018-08-03,0.004633432065347987,0.005372066695294745
2018-08-06,0.003531982650801626,0.0015539999610024858
2018-08-07,0.0028202017464857678,0.004957090828567785
2018-08-08,-0.00026241439329510795,-0.0017636329695716996
2018-08-09,-0.0014427146770399496,-0.002917018479127787
2018-08-10,-0.007139312263244473,-0.007716712643919264
2018-08-13,-0.004014037665980266,-0.0049679040835721505
2018-08-14,0.006368930016417421,0.004445481480281982
2018-08-15,-0.007631208581378815,-0.005450010167129789
2018-08-16,0.00788821455263811,0.015627739185996976
2018-08-17,0.003317606375263089,0.004317557035969861
2018-08-20,0.002425074902128281,0.0034755080350539593
2018-08-21,0.002066399954627058,0.0024660114420264707
2018-08-22,-0.0003982310542435054,-0.003440520293444183
2018-08-23,-0.0016926939235351061,-0.0029818381998881777
2018-08-24,0.006179705928285333,0.005184698182836233
2018-08-27,0.007641141407110444,0.010003596712197079
2018-08-28,0.00026924207759835515,0.00055182869795642
2018-08-29,0.005685242468911669,0.002320461564534871
2018-08-30,-0.004440172044458075,-0.005282931274861442
2018-08-31,0.00013446846730492032,-0.0008507746076764973
2018-09-04,-0.0016556920488793076,-0.00047536539059941485
2018-09-05,-0.002807062801265972,0.000866969514599413
2018-09-06,-0.0036589910366181576,0.0008034851693565934
2018-09-07,-0.002215797895014484,-0.0030563074464409344
2018-09-10,0.0018960282146933797,-0.0022972621330180354
2018-09-11,0.003732865689715426,0.0043987856126618255
2018-09-12,0.0003566083498935524,0.0010721334669494065
2018-09-13,0.005268352159391334,0.005640845943738032
2018-09-14,0.00027544390076635555,0.00033191502951415307
2018-09-17,-0.005585290991549207,-0.003544870522625289
2018-09-18,0.0053546528676252396,0.007067322382911824
2018-09-19,0.0012524880331719868,0.00603195077055245
2018-09-20,0.00781001418532906,0.009468888302665169
2018-09-21,-0.00036860093700704873,0.0032404055617760246
2018-09-24,-0.003521882314013849,-0.006807918383873411
2018-09-25,-0.001305948493117946,-0.0026327718765138245
2018-09-26,-0.003294699681159941,-0.0040445106572658115
2018-09-27,0.0027594762285113967,0.002069103413809631
2018-09-28,-6.870144138179519e-06,0.0006949516669487463
2018-10-01,0.0036344923421985013,0.007264280810997965
2018-10-02,-0.0003967689102790794,0.004594417820593543
2018-10-03,0.0007112667367183715,0.0020316725233939115
2018-10-04,-0.008203035421009815,-0.007516895643175434
2018-10-05,-0.0055433145846221455,-0.0067991324022402145
2018-10-08,-0.000395194708349698,0.0015010636119106226
2018-10-09,-0.0014189098341542976,-0.002124407436490474
2018-10-10,-0.03341638904260208,-0.03197816592893419
2018-10-11,-0.02078757997254153,-0.021556342359865772
2018-10-12,0.014106235408376288,0.011396991189045495
2018-10-15,-0.005922482291300048,-0.003535820906860076
2018-10-16,0.02126782803490127,0.021465278111665563
2018-10-17,-0.0002526942626648821,-0.003562378564071945
2018-10-18,-0.014496490575341185,-0.01281110748799749
2018-10-19,-0.00036123513527937907,0.0025535546033730204
2018-10-22,-0.004308797096477868,-0.005001007728982592
2018-10-23,-0.005527076180694164,-0.004988462629079819
2018-10-24,-0.03135077386114084,-0.02443161611580561
2018-10-25,0.018453717978714167,0.016185436305432763
2018-10-26,-0.017479138010003174,-0.011927790695957717
2018-10-29,-0.00658120829519397,-0.0099892741619902
2018-10-30,0.015545322971877482,0.01750823546524911
2018-10-31,0.010792878754571094,0.009646692508574323
2018-11-01,0.010502498868529206,0.01049509969925747
2018-11-02,-0.006336721055879746,-0.004339858688654831
2018-11-05,0.0055846936971941175,0.0075245623996458505
2018-11-06,0.0062397877444086355,0.006783654561553297
2018-11-07,0.020987078560774024,0.021048263201855127
2018-11-08,-0.002512068988491457,0.0004170175593050711
2018-11-09,-0.00924158591537243,-0.00773932203045139
2018-11-12,-0.019898150985467496,-0.02344063502575833
2018-11-13,-0.0014830188221738934,-0.003974039606597816
2018-11-14,-0.007596188818450545,-0.008179618512698595
2018-11-15,0.01053803274264194,0.00828952479549799
2018-11-16,0.002220837537483983,0.004889362168678649
2018-11-19,-0.016783161235721437,-0.01569637893564762
2018-11-20,-0.018317995556585972,-0.022303450033565285
2018-11-21,0.0030386693107672014,-3.887862083096175e-05
2018-11-23,-0.006576419711855615,-0.0073328694828821124
2018-11-26,0.015412975845366429,0.014482926728109259
2018-11-27,0.003256384364612641,0.004393305117685187
2018-11-28,0.022714051303113776,0.02465244050021552
2018-11-29,-0.002185494545393453,-0.001088243755644577
2018-11-30,0.008137547716617559,0.007847197671566056
2018-12-03,0.010882001794362436,0.011212786150229321
2018-12-04,-0.03290022883855611,-0.03144032252395908
2018-12-06,-0.0015233879141442856,-0.0031776236179859767
2018-12-07,-0.02359633545632224,-0.022650299093930997
2018-12-10,0.0017606032229163218,0.0014058184720431718
2018-12-11,-0.00035640967530566644,-0.0021732219298526098
2018-12-12,0.005404871010351243,0.006422815290552144
2018-12-13,-0.00019995031241503897,0.0028544274685583584
2018-12-14,-0.019271212268699812,-0.020406975765450145
2018-12-17,-0.020992284828576645,-0.021283762350180584
2018-12-18,8.639685378910398e-05,0.0034974678168091917
2018-12-19,-0.015515459175936802,-0.014978395146767019
2018-12-20,-0.015897809484103957,-0.02009715938059521
2018-12-21,-0.02080312049854063,-0.01828682476170242
2018-12-24,-0.02748657287831441,-0.02953224679620719
2018-12-26,0.048403177670805035,0.04864331355883079
2018-12-27,0.008526228968816992,0.01131635470714985
2018-12-28,-0.0012423539102312722,-0.003308137335139206
2018-12-31,0.008456625862206874,0.011427644913136198
2019-01-02,0.0012676930626261643,0.0008047057514990619
2019-01-03,-0.02506833181891511,-0.028678230656188543
2019-01-04,0.03375939906034647,0.03239439722432493
2019-01-07,0.006985975995229761,0.004181438140437605
2019-01-08,0.009648587336497393,0.010824539773874308
2019-01-09,0.004089671332822161,0.0038463031027507247
2019-01-10,0.004508241374462229,0.00512942295760655
2019-01-11,-0.0001463085444824661,-0.0002487903426839478
2019-01-14,-0.00527139458724949,-0.003594950398376947
2019-01-15,0.010664618879761001,0.006492929743062935
2019-01-16,0.0022195205290883643,0.005865450730530056
2019-01-17,0.007562730706235749,0.006708491379958746
2019-01-18,0.01309691283985578,0.013703324797111215
2019-01-22,-0.014258476827972471,-0.0122935385923196
2019-01-23,0.002200489919450871,0.006988118427086196
2019-01-24,0.001374780110977555,-0.0009110289993507903
2019-01-25,0.008452867700518018,0.007464321297931808
2019-01-28,-0.007877775848708898,-0.008483831839762321
2019-01-29,-0.0014573079351148383,0.002107194841734716
2019-01-30,0.015429609891560045,0.017538508359252487
2019-01-31,0.008560648809767757,-0.0006074016413044851
2019-02-01,0.0008982065848071141,0.0025655681557314874
2019-02-04,0.006753381117479676,0.006976853120389647
2019-02-05,0.0046973704373502,0.006797553133381183
2019-02-06,-0.0022269157175087858,-0.0008353539736715597
2019-02-07,-0.009401193202230233,-0.00873313407799237
2019-02-08,0.0006759725660127,-0.0025140993241781705
2019-02-11,0.0007088518038183947,-0.00212206211540529
2019-02-12,0.012807852902838604,0.014764877534305708
2019-02-13,0.0030194315937109753,0.004611034404624448
2019-02-14,-0.0026551633836986214,-0.004075073748001527
2019-02-15,0.010820004664957538,0.017297256581165207
2019-02-19,0.0014976213265920058,0.0003117481233220176
2019-02-20,0.00177553356074094,0.0024348827018690618
2019-02-21,-0.0035326693258413886,-0.004007666896939788
2019-02-22,0.006390638694710404,0.006984267474077932
2019-02-25,0.0012311044497517107,0.0023075349449283747
2019-02-26,-0.0007907696728402984,-0.0013027344430809231
2019-02-27,-0.0005441974362980739,-0.0027984613975690037
2019-02-28,-0.002829507598950442,-0.0026650732652842473
2019-03-01,0.006871656588713028,0.004247807095253574
2019-03-04,-0.003888107395255168,-0.007972500610785636
2019-03-05,-0.001132173489706859,-0.0005043761127384688
2019-03-06,-0.00654547360412503,-0.0051736589532170325
2019-03-07,-0.008158911138331157,-0.007829694791840232
2019-03-08,-0.0021339641314536495,-0.0009029327977662835
2019-03-11,0.014559535563489445,0.007852730106607394
2019-03-12,0.002948965727805163,-0.0037582189142014795
2019-03-13,0.0069255467570192835,0.0057837676481700675
2019-03-14,-0.0008683993315961826,0.0002742050246388697
2019-03-15,0.0049725194084307206,0.005389186737923183
2019-03-18,0.0036990967989080333,0.0025203540235377016
2019-03-19,-0.00013057007992675946,-0.0010315825774725822
2019-03-20,-0.002948696740769673,-0.005489169870065825
2019-03-21,0.010794015494689354,0.008387110749881913
2019-03-22,-0.019156827134273257,-0.017884124673776647
2019-03-25,-0.000839372833310059,0.0005687968500103467
2019-03-26,0.007157052947934055,0.005506671485507339
2019-03-27,-0.00465514327659887,-0.0012534535210388367
2019-03-28,0.0035830547152617266,0.00357871962819733
2019-03-29,0.006711706043324668,0.008179504801822085
2019-04-01,0.011502195518044496,0.012637016617699086
2019-04-02,1.7455554858152623e-05,-0.0030241352521681443
2019-04-03,0.002146072420089187,0.0014886276848350558
2019-04-04,0.0020824652429942735,0.006330487244431495
2019-04-05,0.004625717623099122,0.00152848598500197
2019-04-08,0.0010469117505236662,-0.003182760052653913
2019-04-09,-0.0060859764356695385,-0.00725602915871925
2019-04-10,0.003471837754499924,0.00025159099323444163
2019-04-11,3.8122340342693696e-05,-0.0005395532862822755
2019-04-12,0.0065875783895457275,0.01024642962852405
2019-04-15,-0.0006295672443571088,-0.0010429083406494656
2019-04-16,0.0005092283251399622,0.002569794282693483
2019-04-17,-0.0022764008207388597,-0.00011799485842606116
2019-04-18,0.0015778468242496745,0.00415023847921385
2019-04-22,0.0010115058169329091,-0.0018273132024693337
2019-04-23,0.008802351174995391,0.005467263495655592
2019-04-24,-0.0021941686030362366,-0.002228583420816346
2019-04-25,-0.0003690417402728576,-0.005087568984391514
2019-04-26,0.004674350323304823,0.0030657271926544114
2019-04-29,0.0010709485042338864,0.0004166109915271212
2019-04-30,0.0009509646987914453,0.0014495388261839938
2019-05-01,-0.00753044585029134,-0.0061395955210503
2019-05-02,-0.0021262446486827887,-0.004639991851753267
2019-05-03,0.00959212747891747,0.00746642111720921
2019-05-06,-0.004481013189072523,-0.0025109361186085367
2019-05-07,-0.016649488088905522,-0.018067604930147682
2019-05-08,-0.0016067153894199682,8.627498505785077e-05
2019-05-09,-0.0030259986619282898,-0.005366123631800127
2019-05-10,0.003713394069918638,0.0044044174458856365
2019-05-13,-0.024426469138497504,-0.02408584175359968
2019-05-14,0.007983987523216093,0.00814289179486561
2019-05-15,0.005821994327723055,0.004531801061031077
2019-05-16,0.008855957116499086,0.008334633469869547
2019-05-17,-0.005854437174043804,-0.003822822163751256
2019-05-20,-0.006772257975405369,-0.0032695687401496933
2019-05-21,0.008459949093190606,0.007658698915163545
2019-05-22,-0.0028283923638994365,-0.003899831526647907
2019-05-23,-0.01198569224128196,-0.011162782927763319
2019-05-24,0.0013526437720373175,0.0037285050410062644
2019-05-28,-0.008410950000260244,-0.009342450213077056
2019-05-29,-0.00693591016723137,-0.008771248807029524
2019-05-30,0.002096272674997037,0.0017285852722510398
2019-05-31,-0.013283205250452958,-0.01419819251153203
2019-06-03,-0.002769070654307939,0.00019100440159115818
2019-06-04,0.021205927081077776,0.020434624341533054
2019-06-05,0.008128726978813691,0.008153514433424885
2019-06-06,0.006116840676004416,0.007065539715880196
2019-06-07,0.010442979247260026,0.01018406773735155
2019-06-10,0.004649220074765499,0.0030257602030192283
2019-06-11,-0.0003499414579512858,-0.0005438341505132268
2019-06-12,-0.002039657827237423,-0.0016782668656185988
2019-06-13,0.004089010502850191,0.0039123567081961715
2019-06-14,-0.0016128117861529605,-0.0006575228867530203
2019-06-17,0.0009313154323528439,0.0008781220053782857
2019-06-18,0.009670489592970687,0.013428225155583623
2019-06-19,0.0029807167930238428,0.0014521910116557456
2019-06-20,0.00942760533587314,0.009357303075979288
2019-06-21,-0.0012600162797279978,-0.00127314765216818
2019-06-24,-0.0017333884605870258,0.0003146389927251564
2019-06-25,-0.009541775640387554,-0.006731730803361348
2019-06-26,-0.0012346956788039985,-0.00042951425042348597
2019-06-27,0.0038158857925908473,-0.0003859622424020214
2019-06-28,0.005740941840599626,0.00276249515359349
2019-07-01,0.007643018610953927,0.0044064024398463375
2019-07-02,0.002923847276988696,0.0025885876609496555
2019-07-03,0.007643095660684157,0.006672075839549296
2019-07-05,-0.0018075342045486649,-0.0016285915995432642
2019-07-08,-0.004847173010123794,-0.0043172325427860625
2019-07-09,0.0012357930584538906,-0.00084532741168631
2019-07-10,0.004500546936082614,0.0028599463400987442
2019-07-11,0.002282619578948549,0.008448173609833558
2019-07-12,0.004609534302066538,0.00896546719933539
2019-07-15,0.00017585372838413283,0.00099214743258753
2019-07-16,-0.003409584555010327,-0.0008603853452796297
2019-07-17,-0.006552665466093182,-0.004244538690977825
2019-07-18,0.0035755977088190827,0.00011465584389283505
2019-07-19,-0.006195889464844692,-0.002529426269901429
2019-07-22,0.002824701686250326,0.0006516636618016326
2019-07-23,0.00682414513927642,0.00650352690639377
2019-07-24,0.004677192813475714,-0.002900769814914384
2019-07-25,-0.005276296483599537,-0.0047413424408877854
2019-07-26,0.007360535770783042,0.001894552421626212
2019-07-29,-0.0016174219290574364,0.00106224501743758
2019-07-30,-0.0025819853720443708,-0.000857418228939922
2019-07-31,-0.01094520695213996,-0.012347025838750707
2019-08-01,-0.009039527568806017,-0.010509423220467119
2019-08-02,-0.007309388539565105,-0.003708806521471685
2019-08-05,-0.030230182169694777,-0.02939786845960884
2019-08-06,0.012933023911166613,0.012050225307138163
2019-08-07,0.0007665823338588767,-0.0008628244168241046
2019-08-08,0.018588462466865085,0.014169075467846244
2019-08-09,-0.006638593133657111,-0.0034462738489215985
2019-08-12,-0.012393809115915354,-0.014985751365997283
2019-08-13,0.015018346267301863,0.01469928849570087
2019-08-14,-0.02973035245453567,-0.03093371047126947
2019-08-15,0.0024612366981802422,0.003915909117465669
2019-08-16,0.014323058172245003,0.011915685730441281
2019-08-19,0.012033175564397505,0.009602944226482316
2019-08-20,-0.007946215312115467,-0.006654746391778338
2019-08-21,0.008212979557352937,0.0092127645914479
2019-08-22,-0.00050620295927854,0.0018877059566868334
2019-08-23,-0.02628888112283785,-0.024030691416490366
2019-08-26,0.01092311273079789,0.010477160714896055
2019-08-27,-0.0032083218005562386,-0.004680246104854854
2019-08-28,0.006524151530562512,0.009966470683678973
2019-08-29,0.012607482441094399,0.012449041057226048
2019-08-30,0.0006425807598767749,0.001555155636298027
2019-09-03,-0.0069230093326854165,-0.010862738622886652
2019-09-04,0.010783725278421427,0.009050390648909607
2019-09-05,0.01292591292175976,0.01404146149076625
2019-09-06,0.0009101908043767861,0.0025898101448891615
2019-09-09,-9.401467889992668e-05,0.0014188598546525707
2019-09-10,0.0003222524259310153,0.0027507694394367627
2019-09-11,0.0072036723263872,0.008422778615294823
2019-09-12,0.0028750162782333164,0.0016719659284506333
2019-09-13,-0.0007246768769660504,0.0013628300258003013
2019-09-16,-0.0031405129163559896,-0.005256322901791609
2019-09-17,0.0025784253724619854,0.0012541784458624595
2019-09-18,0.00034263328426719085,0.0013372915310015834
2019-09-19,1.9974521929475905e-05,-0.001928068949413747
2019-09-20,-0.004907599104880387,-0.00591225729964408
2019-09-23,-9.694061782751375e-05,0.0005537684139112579
2019-09-24,-0.00845198896355148,-0.005291181609983433
2019-09-25,0.0061396852419639035,0.006059743727857507
2019-09-26,-0.002431871009613191,-0.0029554084847106497
2019-09-27,-0.005330534579128577,-0.0026388894152231546
2019-09-30,0.005034910215248393,0.003594545218132295
2019-10-01,-0.012334126945412846,-0.012854611729943854
2019-10-02,-0.01806540418764383,-0.018781344105433546
2019-10-03,0.007940304773866787,0.004683280259922473
2019-10-04,0.014116785239259274,0.014123715103576299
2019-10-07,-0.00448835227368152,-0.0036078468024049203
2019-10-08,-0.01568315955210993,-0.011929024071477768
2019-10-09,0.009063296514845923,0.006930918391391427
2019-10-10,0.0063952024117826045,0.005702230294618108
2019-10-11,0.010879579673789056,0.012001658250588063
2019-10-14,-0.0013880816732189801,-0.001090608885103207
2019-10-15,0.009906445376489171,0.008824880715585052
2019-10-16,-0.002001544553193733,-0.0008447778427348906
2019-10-17,0.002759021969775287,0.0008847432267915612
2019-10-18,-0.003927045709799847,-0.009505657865069033
2019-10-21,0.006848114105333746,0.0021434232576984587
2019-10-22,-0.003575049258376838,-0.0014749781545794851
2019-10-23,0.002843103345830729,0.001710103270977745
2019-10-24,0.0019186046591713529,-0.0010596644606113903
2019-10-25,0.004064429510656049,0.005674162000188972
2019-10-28,0.0055658199161177,0.0049089144872225664
2019-10-29,-0.0008327519564807664,-0.00071118872443411
2019-10-30,0.0032480894008573105,0.004247424139161224
2019-10-31,-0.0030274386345390905,-0.005179853809473682
2019-11-01,0.009615930559647514,0.011072333470039037
2019-11-04,0.0036972458053124275,0.004187238821174275
2019-11-05,-0.0011864027118206639,0.0011107863446562281
2019-11-06,0.0007022505922896238,-2.557506783274348e-06
2019-11-07,0.002726375244280665,0.006606837553604527
2019-11-08,0.002557403145115828,0.0002326558415630322
2019-11-11,-0.0019643954133371925,0.0003702183378100131
2019-11-12,0.0015634233012630327,0.0
2019-11-13,0.0007112815701162954,0.0033203987758888593
2019-11-14,0.0008366926144567594,-5.8630076641487366e-05
2019-11-15,0.007666028777973181,0.007992237163662505
2019-11-18,0.0005030263228096366,0.001118110638654496
2019-11-19,-0.0005927700996925261,-0.0036519866641682745
2019-11-20,-0.0037632564209410676,-0.004050923518832368
2019-11-21,-0.0015840060861895076,-0.001971699334701138
2019-11-22,0.002172573942375937,0.003929779633943446
2019-11-25,0.0074792518874672075,0.006823209625380523
2019-11-26,0.0021931636449402277,0.001965147518057528
2019-11-27,0.0041657356252997445,0.0015037686569637808
2019-11-29,-0.004019286229989053,-0.0040056630017347595
2019-12-02,-0.008668483693963605,-0.00961317481422413
2019-12-03,-0.006660225258045148,-0.01013752768609526
2019-12-04,0.006303657608769993,0.005329544751817349
2019-12-05,0.0014991269266302707,0.0010125067429663497
2019-12-06,0.009094246030426013,0.012111989595886908
2019-12-09,-0.003167833684474369,-0.0037715405767773237
2019-12-10,-0.0010975361689841293,-0.0009993994913293715
2019-12-11,0.0029039375293507703,0.001060350563906874
2019-12-12,0.008538667375555057,0.007877870809123921
2019-12-13,7.25791502146863e-05,0.00011836609675584034
2019-12-16,0.007122360942542787,0.00356599627746357
2019-12-17,0.0003352360284609262,0.0011068264106066446
2019-12-18,-0.0004323936405227425,-0.0009868206847715587
2019-12-19,0.004449378821864254,0.004863689692757557
2019-12-20,0.004932595804334098,0.002749468104508876
2019-12-23,0.0008657687142985109,0.0033834507844861354
2019-12-24,-0.00019546730246814044,-0.0012644819778757452
2019-12-26,0.005115062410053991,0.0037083439667614654
2019-12-27,3.3984139657930306e-05,0.0008336140439307764
2019-12-30,-0.005797596079349905,-0.00641317121753067
2019-12-31,0.002941690644190719,0.0026771262183622586
2020-01-02,0.008343895362316707,0.011509522968102454
2020-01-03,-0.007084909364954553,-0.008135869061216062
2020-01-06,0.003527145194272564,0.0023893306331575813
2020-01-07,-0.0028071750845948405,-0.004179001154461909
2020-01-08,0.004890473485641129,0.005631049962478505
2020-01-09,0.006633214116906491,0.007341566464915119
2020-01-10,-0.0028592624875049015,-0.004608153389080977
2020-01-13,0.006951994045933256,0.0028851593419118504
2020-01-14,-0.0015156808368957204,0.001127778504497159
2020-01-15,0.0018684502436879626,0.003124065059293531
2020-01-16,0.008331747422232019,0.0091696074412238
2020-01-17,0.003854723247485144,0.0017208068863941311
2020-01-21,-0.002655500369585384,-0.005194743394477503
2020-01-22,0.00028903429668107475,-0.0003346743757314431
2020-01-23,0.001140326193358241,-0.0008973889557916881
2020-01-24,-0.009083289426193788,-0.005859342693783216
2020-01-27,-0.015855752356844034,-0.015782178784170462
2020-01-28,0.010003383500352516,0.006533492921002163
2020-01-29,-0.0008672501435846315,0.0004037645266717234
2020-01-30,0.0031294569302110597,0.0043404060216382925
2020-01-31,-0.01786444357136295,-0.02113026893013388
2020-02-03,0.007228425761232584,0.005075613001905994
2020-02-04,0.014869315917506062,0.014257838180832467
2020-02-05,0.011187778658972936,0.016634854784824155
2020-02-06,0.003320155057001924,0.003031159079617996
2020-02-07,-0.005415491009458352,-0.009481909605638938
2020-02-10,0.007299690120573207,0.0059716706117254265
2020-02-11,0.0016870486860021178,-1.6411368702503054e-05
2020-02-12,0.006441853105203067,0.009352118256477412
2020-02-13,-0.0016317763599886593,-0.004344558270603129
2020-02-14,0.0018418360984854144,-0.00085786718162397
2020-02-18,-0.0029242139861477136,-0.005658888114253149
2020-02-19,0.004694748284284925,0.003954918476340326
2020-02-20,-0.0038228174279975285,-0.004372661207495149
2020-02-21,-0.010573809232819777,-0.007818660919582502
2020-02-24,-0.03408807942044074,-0.036230519781666824
2020-02-25,-0.030747904375353224,-0.03195791193033846
2020-02-26,-0.00378569732353003,-0.004580760709244994
2020-02-27,-0.045168136352261155,-0.045184228308842805
2020-02-28,-0.008272463109653077,-0.01396307076868874
2020-03-02,0.0450108687694132,0.04967032846464836
2020-03-03,-0.02851048492291458,-0.029872964267297415
2020-03-04,0.041336349360633136,0.04428142887362915
2020-03-05,-0.034510782439981125,-0.036446097670327075
2020-03-06,-0.01720094365238617,-0.00986811035204928
2020-03-09,-0.07901041294037148,-0.08105520646976173
2020-03-10,0.048215052425859106,0.047775003350672494
2020-03-11,-0.05010289280860541,-0.06033939608365496
2020-03-12,-0.09994485240247351,-0.10523218533124404
2020-03-13,0.08880840694923595,0.08950183585054658
2020-03-16,-0.12765219747281742,-0.1384181190449132
2020-03-17,0.05822631263569171,0.05064877426110395
2020-03-18,-0.053222272332080246,-0.06509742208988918
2020-03-19,0.004696760970401053,0.009416816261771883
2020-03-20,-0.04432762405336681,-0.04652809521431456
2020-03-23,-0.02973150100957679,-0.030826577228480492
2020-03-24,0.08968323251796326,0.1076432789646575
2020-03-25,0.011468990420822226,0.02365628382966612
2020-03-26,0.06054383107424656,0.06180412686517252
2020-03-27,-0.0342678455416263,-0.04143667656462354
2020-03-30,0.032966590569974794,0.03142361592478038
2020-03-31,-0.016142310788415843,-0.018548329042207157
2020-04-01,-0.04514636273278691,-0.04544109679013243
2020-04-02,0.022572657056960366,0.022189934758055054
2020-04-03,-0.015252860825944299,-0.016998027207870168
2020-04-06,0.06796824414483035,0.07446233874504371
2020-04-07,-0.001604339048362459,-0.0011528190301125277
2020-04-08,0.033489371191284686,0.033839393760102754
2020-04-09,0.014383470303699339,0.012122354674438864
2020-04-13,-0.01015605944467711,-0.01395049761519231
2020-04-14,0.03011455957230757,0.023616813078194996
2020-04-15,-0.022276732672369248,-0.018772799360022355
2020-04-16,0.0057998378395412884,0.001417034264906157
2020-04-17,0.026440932021320578,0.029504360317049515
2020-04-20,-0.018042845615347775,-0.024725192072919067
2020-04-21,-0.031155115236330667,-0.027066910194101124
2020-04-22,0.02267130058213675,0.019656182474562425
2020-04-23,-0.0005395676601955963,0.0016785935679735286
2020-04-24,0.013822090566839217,0.010996382976755628
2020-04-27,0.014606868181735996,0.014966544587120425
2020-04-28,-0.005256170190483643,-0.0013363035090126177
2020-04-29,0.02623670404507307,0.021845707733392422
2020-04-30,-0.009255143319054839,-0.01176580098993184
2020-05-01,-0.028460211014775954,-0.025881989036731813
2020-05-04,0.0042408225788494016,0.0010983113950942798
2020-05-05,0.008999935197779802,0.005598255298059444
2020-05-06,-0.007003880399042588,-0.009188693281654997
2020-05-07,0.011438955754890805,0.008887212021633518
2020-05-08,0.016730795065226244,0.01889523283871135
2020-05-11,0.0001330693667907644,-0.0045035142475883675
2020-05-12,-0.020713365772047604,-0.019056284801973588
2020-05-13,-0.017616996624280044,-0.021986776487015986
2020-05-14,0.01145891780407149,0.016102011558894905
2020-05-15,0.003918675203723029,0.002539807465311765
2020-05-18,0.031015208770073424,0.03777982605389903
2020-05-19,-0.010539747711599283,-0.01600345346863079
2020-05-20,0.0165139906134157,0.015130265593643543
2020-05-21,-0.007803968309953686,-0.004150106240829962
2020-05-22,0.002350945686812366,-0.0003661265390007431
2020-05-26,0.01221428502146052,0.021430109669762377
2020-05-27,0.014718447490314346,0.021889404906686134
2020-05-28,-0.0021101393249195488,-0.00579519047469245
2020-05-29,0.004800793552307952,-0.0006904275756089639
2020-06-01,0.003744216478364391,0.003614378203997803
2020-06-02,0.008177307282398658,0.010450818854394665
2020-06-03,0.01355667081256392,0.02027427554838888
2020-06-04,-0.003374389083608904,0.0004540171001896102
2020-06-05,0.025874012821635813,0.031061371875267082
2020-06-08,0.011969656405806002,0.016877874110682298
2020-06-09,-0.007829743419721978,-0.01094513956571767
2020-06-10,-0.005327255735182077,-0.010405498508697835
2020-06-11,-0.06075269299628893,-0.07147654074027435
2020-06-12,0.012976286605211731,0.018819173244141018
2020-06-15,0.00827786081817526,0.006136872875128756
2020-06-16,0.018784852866710527,0.02024232524093697
2020-06-17,-0.0036067962326294138,-0.006501546544867612
2020-06-18,0.0005940434038017573,-0.001513792852054902
2020-06-19,-0.005665513565673728,-0.008032089560422711
2020-06-22,0.006474093296658384,0.005915646670679909
2020-06-23,0.004298169191483789,0.005026304432613613
2020-06-24,-0.0261952655956623,-0.027526237680266567
2020-06-25,0.01089982772821816,0.011707543258614776
2020-06-26,-0.024525204274831163,-0.02876606081330164
2020-06-29,0.01457888811353358,0.022930643311426607
2020-06-30,0.015292349435755562,0.008445319406637
2020-07-01,0.005009563975870565,-0.003022830756812596
2020-07-02,0.0045309704768169146,0.0035835762505851687
2020-07-06,0.01575693083216329,0.01764126395205161
2020-07-07,-0.010877477869643567,-0.015211900740465571
2020-07-08,0.007796986263430269,0.006817126884263981
2020-07-09,-0.005659591476194623,-0.013952938313011327
2020-07-10,0.010411809774443004,0.01426061332357901
2020-07-13,-0.009406645216058874,0.0004025988649508159
2020-07-14,0.01331730058290395,0.021119922383810514
2020-07-15,0.009041056936355048,0.008503072401601171
2020-07-16,-0.0034119152141152374,-0.005051373500971722
2020-07-17,0.0028445625875835605,-0.00235033411406212
2020-07-20,0.008371797255140334,0.0003343749114816961
2020-07-21,0.0016776293345600682,0.00596143267369265
2020-07-22,0.005730630594473862,0.006144903450460099
2020-07-23,-0.012396378412246847,-0.013176553761272797
2020-07-24,-0.006209640024276134,-0.006868695170690051
2020-07-27,0.007367928821482373,0.004330593597191651
2020-07-28,-0.006494435418646306,-0.007759650933237257
2020-07-29,0.012351783351742583,0.006058011730211955
2020-07-30,-0.0037573017634548516,-0.008549007792688043
2020-07-31,0.0076412362421762695,0.004348343492997091
2020-08-03,0.007155362664358673,0.008893182754068923
2020-08-04,0.003605423026133557,0.0061343062594402436
2020-08-05,0.006409160435517922,0.01380917355884907
2020-08-06,0.006407126020664802,0.0067948982320573835
2020-08-07,0.0006328292699566697,0.0016964472883584149
2020-08-10,0.0027384652733919213,0.012963857553102563
2020-08-11,-0.008001055401377298,-0.003768295967866413
2020-08-12,0.013899502293613534,0.010417275494989034
2020-08-13,-0.002049272676156681,-0.0028678750648374026
2020-08-14,-0.00017189739627902921,0.0012287379820986911
2020-08-17,0.002706177507423456,-0.0030876919092232506
2020-08-18,0.0023007404198168474,-0.002403318749144109
2020-08-19,-0.004414123345182018,-0.003071500246496549
2020-08-20,0.0031536547683461333,0.0016903270261830316
2020-08-21,0.0034351999829724668,0.006847499436580717
2020-08-24,0.009993615364903508,0.013447535085349639
2020-08-25,0.003589899745540117,-0.002122517552903788
2020-08-26,0.010144001344841499,0.002950865998322411
2020-08-27,0.0016716460318091384,0.005643724496004138
2020-08-28,0.006710002849570254,0.0056556766172967754
2020-08-31,-0.002197375175508541,-0.007841770734229331
2020-09-01,0.007496831420705943,0.007555241873280731
2020-09-02,0.01524905014386973,0.01575340244045852
2020-09-03,-0.0357575941421853,-0.028150458404737774
2020-09-04,-0.008166280754275102,-0.005650594767409837
2020-09-08,-0.02814882908646679,-0.02273591247653728
2020-09-09,0.019944760662180386,0.015857810101622422
2020-09-10,-0.017741245925395586,-0.014633528491868407
2020-09-11,0.0005329301580873496,0.004748560475928862
2020-09-14,0.012661335025022992,0.011775037705385518
2020-09-15,0.005205785930499657,8.107071393967047e-05
2020-09-16,-0.0046296468921518345,0.0013129602379417138
2020-09-17,-0.008447949528552457,-0.0046626304036376486
2020-09-18,-0.011245576947828505,-0.008803627277672615
2020-09-21,-0.011638564027297718,-0.018601744108473813
2020-09-22,0.010463016398376152,0.005161330483911939
2020-09-23,-0.02400733891437413,-0.019428403797994556
2020-09-24,0.0029830055546290505,0.0019525944818731941
2020-09-25,0.015850439224188495,0.013281375673007073
2020-09-28,0.0159821918538544,0.014978893172993809
2020-09-29,-0.004824282704443997,-0.004775017065535783
2020-09-30,0.00821984256837961,0.011914430024059161
2020-10-01,0.0052789495642950775,0.0012662612665007326
2020-10-02,-0.009623812866370861,-0.0048321010107044565
2020-10-05,0.017813109002900934,0.01668740031814239
2020-10-06,-0.014072064387523205,-0.013443387241521582
2020-10-07,0.017247163770241564,0.01892841601349033
2020-10-08,0.007978212894869286,0.004302881399793778
2020-10-09,0.008755095180752877,0.005661611416062286
2020-10-12,0.01628253015832422,0.008728716187182866
2020-10-13,-0.006326891629163268,-0.005483890834056986
2020-10-14,-0.0066451720840594065,-0.005798215220335782
2020-10-15,-0.001528923514213078,-0.0006946643576750733
2020-10-16,0.00013491045663045577,0.003926811604547257
2020-10-19,-0.016464663514942676,-0.01446779134308249
2020-10-20,0.0047161953200011274,0.0040127733770100845
2020-10-21,-0.0021981140115702774,-0.0034667206373248226
2020-10-22,0.0052053540034913415,0.005403150477662932
2020-10-23,0.003439838320389479,-0.0009908369413796666
2020-10-26,-0.018764472985322012,-0.02321340984572472
2020-10-27,-0.003030205350445511,-0.00805796441303719
2020-10-28,-0.03592554210857772,-0.034949292165368614
2020-10-29,0.01187652493999744,0.005233656915949079
2020-10-30,-0.012203713445259962,-0.0059258136149946085
2020-11-02,0.012242950890591667,0.015852015278320402
2020-11-03,0.01764273768407783,0.020402424403174756
2020-11-04,0.021807525655091704,0.013289413440337383
2020-11-05,0.01927326577670128,0.019294352807924322
2020-11-06,-0.00028775658537381985,-0.0023549678100189208
2020-11-09,0.011631974746344153,0.0290399810111921
2020-11-10,-0.001400775220867666,0.008977670353702963
2020-11-11,0.007622728362991461,-0.0007918951897899748
2020-11-12,-0.01002865154706935,-0.010857592179273703
2020-11-13,0.013518546706294007,0.013649144899787547
2020-11-16,0.011580734922832603,0.015838356542424666
2020-11-17,-0.004803443784647531,-0.005594497927421678
2020-11-18,-0.011631210647481315,-0.011648878130345852
2020-11-19,0.003938675690732779,0.0015210217370711409
2020-11-20,-0.006815737372918576,-0.007481304789370093
2020-11-23,0.005620108181849693,0.011139031319571674
2020-11-24,0.016032458814031775,0.01525816660528214
2020-11-25,-0.0015856747555094064,-0.005800192150234374
2020-11-27,0.0023941110259011363,0.0012678702676503595
2020-11-30,-0.004606140636972006,-0.009126277756433947
2020-12-01,0.011208140661592923,0.006231816954705585
2020-12-02,0.0017895645286042845,0.0020054080690022217
2020-12-03,-0.0006243520802942291,0.0028646879977966616
2020-12-04,0.00879746371518688,0.008265520124380915
2020-12-07,-0.001937513438963252,-0.004925387573896469
2020-12-08,0.002783271170170473,0.0034556958630579167
2020-12-09,-0.00798096494847171,-0.003488237878716541
2020-12-10,-0.0012859345277717227,-0.0023157331996638665
2020-12-11,-0.0012657980842328352,0.0015691195353905916
2020-12-14,-0.0043687882451469585,-0.006170100579491532
2020-12-15,0.012838482022218645,0.011247368712081825
2020-12-16,0.0017712256203230642,-0.0014836333681192927
2020-12-17,0.0057411428089832834,0.004923437915337414
2020-12-18,-0.003517296952148704,-0.004110898162205605
2020-12-21,-0.003913928486909485,0.0012384512846164623
2020-12-22,-0.0020752446917703606,-0.006672211960941194
2020-12-23,0.0007455332718186887,0.0038014732469410844
2020-12-24,0.0035303499794869524,0.002321877777370219
2020-12-28,0.0086847075384115,0.006735623837575352
2020-12-29,-0.002229864827278697,-0.0022489698435883315
2020-12-30,0.0013406480950792154,0.002432805370019563
2020-12-31,0.006418204711703793,0.006454715917065936
2021-01-04,-0.014864762712025787,-0.01257907462087929
2021-01-05,0.007057631383362026,0.0055335496476608724
2021-01-06,0.005693603382474094,0.014302551228400646
2021-01-07,0.014738260107752971,0.006844334160799298
2021-01-08,0.00547683739351537,0.0018294393762899198
2021-01-11,-0.006576327616621317,-0.002875096206320003
2021-01-12,0.000415702030569564,0.0019330719093165558
2021-01-13,0.0022730563867261076,-0.0002645698099659466
2021-01-14,-0.003760513068743101,-0.0022223686941634517
2021-01-15,-0.007216000798278504,-0.0057360413107173346
2021-01-19,0.008103457635761657,0.003765821316161281
2021-01-20,0.013839417376510862,0.008302233543656069
2021-01-21,0.00031667316131354906,-0.0003967358227439148
2021-01-22,-0.0030151526629377105,-0.005759085770940695
2021-01-25,0.0036093175130174657,-0.0011937467856484242
2021-01-26,-0.001489943161153501,-0.0007419074935073762
2021-01-27,-0.02601331512610035,-0.020701816301101357
2021-01-28,0.009713298778760395,0.00985746150238235
2021-01-29,-0.019500377654792,-0.020491934641313873
2021-02-01,0.015924300234678626,0.007618370881817566
2021-02-02,0.013802528814310624,0.015618546428521188
2021-02-03,0.0010082606153447803,0.0011763071010600123
2021-02-04,0.010794847643921975,0.010756422106507334
2021-02-05,0.003889919607763825,0.0029702520532731646
2021-02-08,0.007372107476289037,0.007596529039100412
2021-02-09,-0.0011141454217211749,-0.0003164256229828157
2021-02-10,-0.0003452445223915674,0.0019731616333390984
2021-02-11,0.0016610748145877074,-0.00022591798850627075
2021-02-12,0.004699970926162608,0.0008809531012077606
2021-02-16,-0.0005694345154154666,0.0020434568555202062
2021-02-17,-0.0003204533489169501,0.002859538845604431
2021-02-18,-0.004425614227243303,-0.003792956277827501
2021-02-19,-0.0018566190956649255,3.1132089925147176e-05
2021-02-22,-0.007762892893710863,0.0008686409199094794
2021-02-23,0.0012555296115265332,0.0004966823727337354
2021-02-24,0.011287667670985945,0.013370752070088567
2021-02-25,-0.02478339442417185,-0.017671401256638904
2021-02-26,-0.004761532293798778,-0.015068715525287763
2021-03-01,0.02351217322569352,0.019311024444130347
2021-03-02,-0.00811367873950876,-0.0045764272456845865
2021-03-03,-0.01315233589480116,-0.0038757331869976974
2021-03-04,-0.013508038064390469,-0.011124915740028126
2021-03-05,0.019308356338709188,0.018332974532853145
2021-03-08,-0.005373643224025429,0.009672895786685495
2021-03-09,0.014055400743930569,0.0009523280578086856
2021-03-10,0.006012203770988197,0.01447962413262843
2021-03-11,0.010341825500657608,0.00582165018971199
2021-03-12,0.0010148833275308508,0.008980501223209399
2021-03-15,0.006470939539413048,0.005319188662402916
2021-03-16,-0.0015709169785959108,-0.0038769541460989152
2021-03-17,0.0028752446501592592,0.0057539064133817035
2021-03-18,-0.014870560065947797,-0.004647115892676988
2021-03-19,-0.0006028856737550234,-0.007156210314686113
2021-03-22,0.007000556898342752,0.0031588100517060133
2021-03-23,-0.007660118119334028,-0.009456041702866154
2021-03-24,-0.00548233660034883,-9.530199716102571e-05
2021-03-25,0.005226583432729291,0.0061322864119791555
2021-03-26,0.016494418658716575,0.013803907830371293
2021-03-29,-0.0008683896263867381,0.002973609334401447
2021-03-30,-0.0031628294096500294,-0.003152562557746771
2021-03-31,0.003615953592419885,-0.002586287007401015
2021-04-01,0.011755830427674127,0.005191234905615746
2021-04-05,0.0143349877622439,0.011217220561663091
2021-04-06,-0.0009740049407969285,-0.0028959651889723173
2021-04-07,0.0014741456981068137,0.00047919486835034856
2021-04-08,0.004211750940591775,0.0017119866027561492
2021-04-09,0.007690288135687276,0.008826590393009117
2021-04-12,-0.0001960980747395339,-0.0016345346072463426
2021-04-13,0.0032890718770625686,-0.0020209502676303043
2021-04-14,-0.004096104320730151,0.0015909380981669033
2021-04-15,0.011033101401119478,0.009004390421705167
2021-04-16,0.0036023233905179666,0.004826845660734209
2021-04-19,-0.005320689893757947,-0.003604164149842623
2021-04-20,-0.006825561005077803,-0.007550320568939057
2021-04-21,0.009263020919853236,0.009300075238918381
2021-04-22,-0.009253337860554323,-0.009459819989555213
2021-04-23,0.01086940989553096,0.006707714528279577
2021-04-26,0.001780684564582624,-0.0018204463804899977
2021-04-27,-0.0002149189814442344,9.885384719642957e-05
2021-04-28,-0.0008458975873960478,-0.004853634846594104
2021-04-29,0.0067400415367024095,0.007070679389597067
2021-04-30,-0.0072207134171198275,-0.005461329140551282
2021-05-03,0.002744321649512167,0.007012402055181856
2021-05-04,-0.0067007374898472305,0.000580274473852092
2021-05-05,0.0007032164471135163,0.002846806935099633
2021-05-06,0.008132299498632055,0.009252657720653113
2021-05-07,0.007346291419186351,0.006613112986413123
2021-05-10,-0.010490480503138024,-0.0010052104908011793
2021-05-11,-0.008711750141781542,-0.013727112040554289
2021-05-12,-0.021682782358302413,-0.020087086652057017
2021-05-13,0.012099644578094055,0.01283244282380421
2021-05-14,0.014807778563623631,0.010545735765755687
2021-05-17,-0.002533258183961915,-0.0015817179436543151
2021-05-18,-0.0085537723840327,-0.007812145701938985
2021-05-19,-0.002947751811378411,-0.004844891457490409
2021-05-20,0.01049942933450842,0.005534255259807643
2021-05-21,-0.0007841880752528091,0.003622431990038473
2021-05-24,0.009862497481216075,0.0054267096983496655
2021-05-25,-0.002127545400828599,-0.00237298185831849
2021-05-26,0.0018750575506104544,0.00030858206105982284
2021-05-27,0.001164636089862995,0.0041167261415741814
2021-05-28,0.000768586452887337,0.0018786714328166301
2021-06-01,-0.0004924547586291649,0.0013272423834109804
2021-06-02,0.0014458890369002922,0.0007248301969565689
2021-06-03,-0.003635303056049319,-0.0006747821853124124
2021-06-04,0.008795303383016323,0.005173607114345951
2021-06-07,-0.0007970562694215079,-0.0036362188144402267
2021-06-08,0.00017500954944121158,-0.0008787503961508937
2021-06-09,-0.0018255325906156837,-0.0044224954806193414
2021-06-10,0.004641454776462911,0.000554251062478553
2021-06-11,0.0019465389328083601,0.0003876457650708004
2021-06-14,0.0018135563851361702,-0.002493028290844967
2021-06-15,-0.00201371995427588,-0.002749096038308624
2021-06-16,-0.005404703747026491,-0.007775381979053935
2021-06-17,-0.00043581054367264766,-0.006196057994158724
2021-06-18,-0.013211355687284158,-0.0158949274293897
2021-06-21,0.013905163512319857,0.017475997207234535
2021-06-22,0.005111406378990611,0.002023203243309962
2021-06-23,-0.0010838705186495853,-0.0021038060508797103
2021-06-24,0.005794429545916893,0.00947787364287321
2021-06-25,0.003325063164687565,0.006907130807988314
2021-06-28,0.0023122888604717494,-0.004382330829757665
2021-06-29,0.0002772977426878152,0.0002630538193773455
2021-06-30,0.0013272784229071918,0.006111604604133946
2021-07-01,0.005208041432254744,0.0037901992208939214
2021-07-02,0.007472095894691671,0.004402789321194317
2021-07-06,-0.0020239027700217787,-0.0060256599000767935
2021-07-07,0.0033533465536629346,0.003015284841107991
2021-07-08,-0.008597881009556396,-0.007520886128387454
2021-07-09,0.011214825902413766,0.012937601445373837
2021-07-12,0.0034452326955940497,0.003607450116802788
2021-07-13,-0.0035230111811655838,-0.0030733564441926845
2021-07-14,0.0011642565654693257,0.0012729913156286062
2021-07-15,-0.0032675735627459117,0.0015385835465681486
2021-07-16,-0.007567415006813217,-0.008587595573785464
2021-07-19,-0.015996781399983978,-0.021146123884423426
2021-07-20,0.0150488060047999,0.016063347384931443
2021-07-21,0.008208041662144044,0.008253163773588161
2021-07-22,0.0020146392092429753,0.0007282697922844622
2021-07-23,0.010094332386254415,0.00681692706713452
2021-07-26,0.0023793669227295928,0.002357576748395513
2021-07-27,-0.004723583382178003,-0.002444035589306089
2021-07-28,-0.000186279231552706,-0.003645977687021626
2021-07-29,0.004197331845272641,0.004387654008557965
2021-07-30,-0.005420713608261166,-0.004257718514303189
2021-08-02,-0.001844505670060361,-0.002789267474370558
2021-08-03,0.008169961338918062,0.007954871107311145
2021-08-04,-0.004643150661295458,-0.009261427022099757
2021-08-05,0.005987485990419113,0.0077753066097423894
2021-08-06,0.0016738645485288822,0.004105770653591369
2021-08-09,-0.0009403502649549345,-0.0030339834155330655
2021-08-10,0.0009921869538634502,0.004627785916692621
2021-08-11,0.0012749307180154837,0.006227525257160907
2021-08-12,0.00413780773547866,0.00041932381183908975
2021-08-13,0.0016060163209228441,0.00043729616576472134
2021-08-16,0.0026174222619943593,0.003093011436433257
2021-08-17,-0.007085743507137991,-0.007950512107822764
2021-08-18,-0.01080665284525433,-0.010883982970556616
2021-08-19,0.001255903256156918,-0.001905962675154607
2021-08-20,0.00810860389074176,0.0064546282971230115
2021-08-23,0.008487667984412181,0.006121100583616083
2021-08-24,0.0014946188019620721,0.000864213034054351
2021-08-25,0.00221765740325088,0.001108868405071295
2021-08-26,-0.0058419498276026565,-0.0054484038110389635
2021-08-27,0.008769071540452218,0.0068681008570719675
2021-08-30,0.0042973241068746,-0.0015795764075204367
2021-08-31,-0.0013500269158932096,-0.0011054003326888258
2021-09-01,0.00031164006095334113,-0.001364001746932316
2021-09-02,0.002838605754404257,0.00371102269332468
2021-09-03,-0.0003350872611813474,-0.0021106461047204973
2021-09-07,-0.0034013524523203464,-0.007637139978804343
2021-09-08,-0.001319436813816666,-0.0019657395613376797
2021-09-09,-0.004616247150002522,-0.0043395986151120195
2021-09-10,-0.0077525522862761,-0.007819049851392808
2021-09-13,0.002273900346369644,0.007539475980185472
2021-09-14,-0.005763213966258604,-0.008411003433978671
2021-09-15,0.008438294222079725,0.006825610019776563
2021-09-16,-0.0015523447127638308,-0.0018132591166199656
2021-09-17,-0.0091526302757993,-0.004801005184207615
2021-09-20,-0.017123077726381844,-0.017924979691603993
2021-09-21,-0.0008126886585469564,-0.001491491692532762
2021-09-22,0.009474585224220084,0.009929374712923636
2021-09-23,0.012061680369935969,0.014676500867458501
2021-09-24,0.0014599428113642636,0.0009539489591458758
2021-09-27,-0.002780243920187674,0.0020489109204984393
2021-09-28,-0.020574317739894057,-0.01646381226770594
2021-09-29,0.0015679543362838073,0.002641711679378402
2021-09-30,-0.011981202945014901,-0.016027301522638766
2021-10-01,0.011425952113334161,0.014157089982476057
2021-10-04,-0.013070952048643704,-0.009470054232786587
2021-10-05,0.010469517498601526,0.009126555746299819
2021-10-06,0.004094399349624824,0.0029772736929810878
2021-10-07,0.008264039225065405,0.009771472779498889
2021-10-08,-0.0019155566024214522,-0.00025010812388820256
2021-10-11,-0.006889441644339833,-0.0072265786670475856
2021-10-12,-0.0024197056865549256,-0.003418363493584198
2021-10-13,0.0030179558702319183,-1.545316345033243e-05
2021-10-14,0.016919162285711567,0.015435352378231678
2021-10-15,0.007432520637190081,0.010887950118554673
2021-10-18,0.0033690878018038262,-0.0010248226655557068
2021-10-19,0.007366142784235753,0.005619660958297968
2021-10-20,0.003657333598560689,0.004278560626320514
2021-10-21,0.002991393168360022,-0.0001758603048385633
2021-10-22,-0.0010731292246643565,0.002074672600156642
2021-10-25,0.004736959440853509,0.0017958714234597717
2021-10-26,0.0018181414322441137,0.00044002525910778826
2021-10-27,-0.0050643703711055294,-0.007472219399448345
2021-10-28,0.009781288424184026,0.006733670964292196
2021-10-29,0.0019474372317175562,0.0024899545042859367
2021-11-01,0.0017984589459023885,0.0026286585145192864
2021-11-02,0.003673607120388547,0.0038570527906314172
2021-11-03,0.00644049461289024,0.002906771686733338
2021-11-04,0.004173222342817036,-0.0009227123467105295
2021-11-05,0.003725850045284445,0.005623551637807598
2021-11-08,0.0008873940607025194,0.0028661176998037354
2021-11-09,-0.0035049109264001276,-0.003085497661937265
2021-11-10,-0.008259842163861058,-0.006630944780451413
2021-11-11,0.0005507883329889288,-0.004408572539008411
2021-11-12,0.007196697564130407,0.004972914946815323
2021-11-15,-1.0739878017001878e-05,-0.00035627578763216156
2021-11-16,0.0038577790571266367,0.00151653865474467
2021-11-17,-0.0026050154828958787,-0.005859830541153524
2021-11-18,0.0033790647401719144,-0.0016740919901016135
2021-11-19,-0.001399644604988097,-0.007526486486187133
2021-11-22,-0.003202258316960725,0.0004849545978015958
2021-11-23,0.001655761383195201,0.005447093751765052
2021-11-24,0.0022912237766672798,-0.0002631140611355657
2021-11-26,-0.022987011159321162,-0.025602288366108283
2021-11-29,0.013113836082824229,0.0067566648808391055
2021-11-30,-0.019143381187850562,-0.01873728590042195
2021-12-01,-0.011885541457955926,-0.013478770017165556
2021-12-02,0.014094638396057768,0.017994471915080378
2021-12-03,-0.00848445514173865,-0.0017252547494515337
2021-12-06,0.011662599309686139,0.018535981626330657
2021-12-07,0.020495603186252546,0.013881068552601515
2021-12-08,0.003080535586585806,0.0009883377613995722
2021-12-09,-0.007206988232523656,-1.6387696183069798e-06
2021-12-10,0.009503769118209724,0.006031243805792896
2021-12-13,-0.009178158342793815,-0.008936959925271397
2021-12-14,-0.0074987228546236715,-0.0029993515829747287
2021-12-15,0.016216267351890877,0.010724640923279115
2021-12-16,-0.008781863311112446,-0.0008294893155949331
2021-12-17,-0.01034096458405368,-0.014936460728862533
2021-12-20,-0.01145339832325659,-0.01232721251213251
2021-12-21,0.017621755385195486,0.015919120180009263
2021-12-22,0.010128728029127596,0.007332072368480055
2021-12-23,0.006204412685251626,0.005485530230119407
